Date,Actual_Return,Predicted_Return,Actual_Price,Predicted_Price,Actual_Direction,Direction_Prob,Direction_Label
2022-09-05,0.007701861672103405,0.004615643061697483,3951.329882768273,3939.228418750118,1,0.6721422672271729,1
2022-09-06,0.0014045903226360679,0.005074597895145416,3956.8798824831515,3959.2184189924046,1,0.6341526508331299,1
2022-09-07,-0.006098239216953516,0.005204389337450266,3932.749882407018,3979.8237331168457,0,0.17503070831298828,0
2022-09-08,0.015909986570477486,0.005050367675721645,3995.3198802211605,3999.9233062536496,1,0.12782062590122223,0
2022-09-09,0.004327563103288412,0.0044572921469807625,4012.6098791206405,4017.7521329951396,1,0.12281210720539093,0
2022-09-13,-0.012383460998535156,0.004824542440474033,3962.9198811802135,4037.13594867608,0,0.4978223443031311,1
2022-09-14,-0.009881602600216866,0.0043824780732393265,3923.7598817778917,4054.8286084498395,0,0.3039591610431671,0
2022-09-15,-0.022570187225937843,0.004076858516782522,3835.199886616541,4071.359570996292,0,0.4669623076915741,1
2022-09-16,-0.0006675010663457215,0.003566192463040352,3832.6398866025756,4085.8788228127064,0,0.6931878924369812,1
2022-09-19,0.0006496827118098736,0.0021733338944613934,3835.129886477494,4094.758801746987,1,0.5951834321022034,1
2022-09-20,-0.009772811084985733,0.002418793737888336,3797.6498866105667,4104.6631786948155,0,0.3475117087364197,0
2022-09-21,-0.010493331588804722,0.0033811142202466726,3757.7998870921756,4118.541513737623,0,0.40580710768699646,1
2022-09-22,-0.003219969104975462,0.003373927902430296,3745.699887553058,4132.437175868141,0,0.3956919014453888,1
2022-09-23,-0.0036655364092439413,0.0037557336036115885,3731.9698882371317,4147.9575090343615,0,0.5479145050048828,1
2022-09-26,0.013952416367828846,0.004282666370272636,3784.0398859900156,4165.721827163624,1,0.7217917442321777,1
2022-09-27,-0.018652021884918213,0.004153233487159014,3713.4598912231263,4183.023042554389,0,0.6915348768234253,1
2022-09-28,0.0020035223569720984,0.004658227786421776,3720.899891136911,4202.508516722458,1,0.668638288974762,1
2022-09-29,-0.0061920504085719585,0.0046903048641979694,3697.8598914457416,4222.219562860275,0,0.80020672082901,1
2022-09-30,-0.021436722949147224,0.004513063468039036,3618.5898934480556,4241.27470772346,0,0.8393741250038147,1
2022-10-10,0.003714153775945306,0.0051690563559532166,3632.0298927644035,4263.198095708761,1,0.7221381068229675,1
2022-10-11,0.015019149519503117,0.004787151701748371,3686.579892783137,4283.606671727524,1,0.7269546389579773,1
2022-10-12,-0.011517450213432312,0.004761482588946819,3644.1198924101664,4304.002990312851,0,0.44323089718818665,1
2022-10-13,0.027246633544564247,0.004679631907492876,3743.4098917111232,4324.144140036264,1,0.3410799205303192,0
2022-10-14,0.0011967697646468878,0.004134214948862791,3747.889891486203,4342.02108138104,1,0.36399659514427185,1
2022-10-17,-0.0024840643163770437,0.004098390694707632,3738.5798919450517,4359.816380177196,0,0.545828104019165,1
2022-10-18,-0.01673630066215992,0.003992120735347271,3676.009894823954,4377.221293550808,0,0.29235807061195374,0
2022-10-19,-0.007967878133058548,0.002887774258852005,3646.719895966079,4389.861720527622,0,0.6160840392112732,1
2022-10-20,-0.004198293201625347,0.002637029392644763,3631.409896618613,4401.437914914301,0,0.7172614932060242,1
2022-10-21,-0.03141479566693306,0.0031053877901285887,3517.329896733461,4415.106086474285,0,0.8638326525688171,1
2022-10-24,-0.0028061058837920427,0.003819559933617711,3507.4598966149997,4431.969848784854,0,0.8825175166130066,1
2022-10-25,0.007486899383366108,0.003012286964803934,3533.719895952148,4445.320213788752,1,0.8593111038208008,1
2022-10-26,-0.00697565171867609,0.0022527032997459173,3509.0698966866294,4455.334201302781,0,0.796596884727478,1
2022-10-27,-0.029232816770672798,0.0021434403024613857,3406.4898993613056,4464.8839441907885,0,0.7650720477104187,1
2022-10-28,-0.009282281622290611,0.0016246342565864325,3374.8699007719456,4472.1377475982035,0,0.7956363558769226,1
2022-10-31,0.039053354412317276,0.0009436667896807194,3506.6698911022545,4476.35795546949,1,0.6484907865524292,1
2022-11-01,0.012199608609080315,0.0008241880568675697,3549.4498912949484,4480.047316234652,1,0.39909881353378296,1
2022-11-02,-0.009700094349682331,0.0011396229965612292,3515.019892459918,4485.152881181915,0,0.3607640862464905,1
2022-11-03,0.03508372604846954,0.0011187262134626508,3638.339887421903,4490.170539281481,1,0.3236859142780304,0
2022-11-04,0.003520836355164647,0.00029782968340441585,3651.149886769984,4491.507845351627,1,0.2573828399181366,0
2022-11-07,-0.006373334210366011,0.0001239645353052765,3627.8798882894584,4492.064633034495,0,0.28808799386024475,0
2022-11-08,-0.011108416132628918,0.00039661943446844816,3587.579888811144,4493.846273168845,0,0.07427254319190979,0
2022-11-09,-0.010856900364160538,-0.000653858995065093,3548.629891409855,4490.907931360694,0,0.17764943838119507,0
2022-11-10,0.031426213681697845,-0.001474290736950934,3660.1498926545614,4484.287027396989,1,0.3172109127044678,0
2022-11-11,0.002122863894328475,-0.0010572790633887053,3667.919892709508,4479.545884608697,1,0.2933180034160614,0
2022-11-14,0.020518440753221512,-0.0008661557221785188,3743.1798897156305,4475.665900307982,1,0.157723069190979,0
2022-11-15,-0.008116093464195728,-0.0010567809222266078,3712.7998918774006,4470.9361019702765,0,0.13914139568805695,0
2022-11-16,-0.006154384929686785,-0.0009862277656793594,3689.9498921758877,4466.526740647935,0,0.10300543904304504,0
2022-11-17,-0.0031111533753573895,-0.0017303259810432792,3678.4698921139448,4458.798193383568,0,0.13912783563137054,0
2022-11-18,-0.008767232298851013,-0.0016636628424748778,3646.2198920654523,4451.380256507142,0,0.23500998318195343,0
2022-11-21,-0.0013082041405141354,-0.0015661288052797318,3641.4498921054274,4444.408821664172,0,0.1771402806043625,0
2022-11-22,0.0005519778933376074,-0.0006591435521841049,3643.4598919455666,4441.479318246102,1,0.27469152212142944,0
2022-11-23,-0.004482003394514322,0.0003824311716016382,3627.1298923420895,4443.177878385422,0,0.3686411380767822,1
2022-11-24,0.004948816262185574,0.0005177491111680865,3645.0798917383718,4445.478329782718,1,0.6620324850082397,1
2022-11-25,-0.013305606320500374,0.0015110226813703775,3596.5798936921287,4452.195548368561,0,0.6211451888084412,1
2022-11-28,0.03252812474966049,0.0025359983555972576,3713.569893146267,4463.486308958021,1,0.3818596303462982,1
2022-11-29,0.001268321298994124,0.002824768889695406,3718.2798929370474,4476.094626223146,1,0.3221307694911957,0
2022-11-30,0.012702109292149544,0.0025193337351083755,3765.509890515936,4487.371402416527,1,0.3968189060688019,1
2022-12-01,-0.006572814658284187,0.002440116601064801,3740.759891911639,4498.321111870708,0,0.4575774371623993,1
2022-12-02,0.018004363402724266,0.0017185286851599813,3808.1098924079515,4506.0516057365185,1,0.16337671875953674,0
2022-12-05,0.005727250594645739,0.0011266946094110608,3829.9198920537215,4511.12854979043,1,0.050517939031124115,0
2022-12-06,-0.000939967401791364,0.0012384243309497833,3826.3198922037186,4516.715241146533,0,0.03636082261800766,0
2022-12-07,4.442911085789092e-05,0.0012233369052410126,3826.489892194387,4522.240705591492,1,0.02467641979455948,0
2022-12-08,0.011773191392421722,0.0012894123792648315,3871.5398900563587,4528.071738739297,1,0.032626986503601074,0
2022-12-09,-0.01002960093319416,0.0011172645026817918,3832.709889962151,4533.130792558587,0,0.05898302420973778,0
2022-12-12,-0.003973689861595631,0.0009404750308021903,3817.479889529971,4537.394088880348,0,0.0657840371131897,0
2022-12-13,0.000848727417178452,0.0007855229778215289,3820.7198893767422,4540.958316196596,1,0.11986252665519714,0
2022-12-14,0.0018111770041286945,0.00011362467193976045,3827.6398893795986,4541.474281095566,1,0.20619849860668182,0
2022-12-15,-0.000475488806841895,-0.0007691542850807309,3825.819889455577,4537.981186691677,0,0.5197110772132874,1
2022-12-16,-0.013800962828099728,-0.0013705011224374175,3773.0198913741956,4531.761878381716,0,0.9023860692977905,1
2022-12-19,-0.017521772533655167,-0.0011433071922510862,3706.909895072581,4526.580682432593,0,0.8001617789268494,1
2022-12-20,0.0005098585970699787,-0.0010606051655486226,3708.7998949511475,4521.779767578532,1,0.12533234059810638,0
2022-12-21,0.0010057161562144756,-0.001267526182346046,3712.529894925666,4516.048293332324,1,0.6566515564918518,1
2022-12-22,-0.0017535211518406868,-0.0014503722777590156,3706.0198952280734,4509.498342082654,0,0.7621336579322815,1
2022-12-23,0.003926044795662165,-0.001624706550501287,3720.5698953503543,4502.171730586797,1,0.8235863447189331,1
2022-12-26,0.010011906735599041,-0.0013704017037525773,3757.819894145879,4496.001946776614,1,0.7115587592124939,1
2022-12-27,-0.004686227533966303,-0.0013214197242632508,3740.2098950902464,4490.060841123818,0,0.47453203797340393,1
2022-12-28,-0.0036976533010601997,-0.0011972871143370867,3726.379895625008,4484.684949136151,0,0.6962466835975647,1
2022-12-29,0.0023400727659463882,-0.0006871268851682544,3735.0998957343304,4481.60340153609,1,0.7254646420478821,1
2022-12-30,0.006409466732293367,-0.0007097146008163691,3759.0398942578317,4478.422742166951,1,0.5969045758247375,1
2023-01-03,0.00034317272366024554,-0.00039174812263809144,3760.3298942166916,4476.668328465328,1,0.15998238325119019,0
2023-01-04,0.02247409150004387,-0.0002534339146222919,3844.8398923296677,4475.533788886379,1,0.13642415404319763,0
2023-01-05,0.0038467140402644873,-0.0003538214659783989,3859.629891926061,4473.950248960159,1,0.2527131736278534,0
2023-01-06,0.007894539274275303,-0.000615085125900805,3890.0998916920385,4471.198388708003,1,0.13559609651565552,0
2023-01-09,0.002043649321421981,-0.0010019581532105803,3898.049891695959,4466.718435027816,1,0.12316444516181946,0
2023-01-10,-0.0009055809932760894,-0.0013834105338901281,3894.519891803197,4460.5391296928765,0,0.13415241241455078,0
2023-01-11,0.002598523162305355,-0.0013185676652938128,3904.6398919481067,4454.657607026686,1,0.06513219326734543,0
2023-01-12,0.014149831607937813,-0.0014312153216451406,3959.8898889088086,4448.2820328068265,1,0.05779902637004852,0
2023-01-13,0.016348939388990402,-0.0016084114322438836,4024.6298886896543,4441.127365131414,1,0.38470056653022766,1
2023-01-16,1.7392903828294948e-05,-0.0017983183497563004,4024.6998886902534,4433.140804297093,1,0.0999634861946106,0
2023-01-17,-0.0015852113720029593,-0.002099472563713789,4018.3198886578025,4423.833546807392,0,0.05674668774008751,0
2023-01-18,0.007109936326742172,-0.0023100620601326227,4046.8898872066416,4413.61421677057,1,0.10182569921016693,0
2023-01-19,0.00802344549447298,-0.002744650235399604,4079.3598876387778,4401.500389471547,1,0.28945258259773254,0
2023-01-20,0.005260629113763571,-0.0029564162250608206,4100.81988702921,4388.487722305503,1,0.8446499705314636,1
2023-01-30,-0.009359103627502918,-0.003393692197278142,4062.4398887487787,4373.594545764464,0,0.782723069190979,1
2023-01-31,0.009961993433535099,-0.0037847203202545643,4102.909888244624,4357.041713614554,1,0.7613369822502136,1
2023-02-01,-0.003690063953399658,-0.004022616893053055,4087.769888361966,4339.515004013631,0,0.4931146800518036,1
2023-02-02,-0.010670854710042477,-0.004594411700963974,4044.149889795169,4319.577485502683,0,0.3659074008464813,1
2023-02-03,-0.01390897948294878,-0.005202287342399359,3987.899891952039,4297.105802225339,0,0.5092849731445312,1
2023-02-06,0.0008425487321801484,-0.005815968383103609,3991.2598919500647,4272.113970740746,1,0.581387996673584,1
2023-02-07,-0.0038083211984485388,-0.00615560682490468,3976.0598922950335,4245.816516825684,0,0.2653704881668091,0
2023-02-08,0.012414299882948399,-0.006627910304814577,4025.419892150548,4217.675625781462,1,0.2981884777545929,0
2023-02-09,-0.007363206706941128,-0.007337787188589573,3995.779893402411,4186.727219608976,0,0.3674793839454651,1
2023-02-10,0.00957760401070118,-0.00789822731167078,4034.0498909353405,4153.659496336545,1,0.35274404287338257,1
2023-02-13,-6.94091577315703e-05,-0.008118654601275921,4033.769890930163,4119.937369554479,0,0.3554374575614929,1
2023-02-14,-0.005716736428439617,-0.007773346267640591,4010.70989165074,4087.9116697799395,0,0.06358679383993149,0
2023-02-15,-0.006228323560208082,-0.007485242560505867,3985.7298927394118,4057.3126593657144,0,0.08421594649553299,0
2023-02-16,-0.016531476750969887,-0.007029430475085974,3919.839891681944,4028.792062111017,0,0.16640469431877136,0
2023-02-17,0.025799522176384926,-0.006391091272234917,4020.969887895271,4003.04368432521,1,0.2073499858379364,0
2023-02-20,0.003700599540024996,-0.005671248305588961,4035.8498872128703,3980.341429613282,1,0.23945805430412292,0
2023-02-21,-0.011558903381228447,-0.004352286923676729,3989.1998883054353,3963.0178416574067,0,0.39150163531303406,1
2023-02-22,-0.0007520304643549025,-0.003729341086000204,3986.1998884610284,3948.2383963959624,0,0.33722367882728577,0
2023-02-23,-0.01181827299296856,-0.0032221819274127483,3939.089889974655,3935.516453989978,0,0.3171726167201996,0
2023-02-24,-0.005876991897821426,-0.0027062955778092146,3915.9398906064835,3924.86578321415,0,0.4494970142841339,1
2023-02-27,0.007086421363055706,-0.001500937039963901,3943.6898907037194,3918.9748067832365,1,0.7340198159217834,1
2023-02-28,0.015749208629131317,-0.0006824187003076077,4005.7998855610085,3916.300425089053,1,0.3602732717990875,1
2023-03-01,-0.00293075037188828,0.00033508380874991417,3994.0598860566906,3917.6127139517007,0,0.38294118642807007,1
2023-03-02,0.0022833908442407846,0.001327779609709978,4003.179885831862,3922.814440232026,1,0.3134932219982147,0
2023-03-03,-0.005016012117266655,0.0016054240986704826,3983.099887016931,3929.1122210689873,0,0.4691077172756195,1
2023-03-06,-0.015214280225336552,0.0008269934915006161,3922.4998891703494,3932.361571303187,0,0.6272488236427307,1
2023-03-07,-0.004876991733908653,0.0014408377464860678,3903.369889634608,3938.027466287952,0,0.5663730502128601,1
2023-03-08,-0.0024542894680052996,0.0019228204619139433,3893.789890024749,3945.5995860797093,0,0.5118830800056458,1
2023-03-09,-0.012227161787450314,0.0025017850566655397,3846.179891073078,3955.4706281637496,0,0.6554170846939087,1
2023-03-10,0.010337529703974724,0.0031618825159966946,3885.9398899438766,3967.9773615854792,1,0.6385427713394165,1
2023-03-13,-0.005543060135096312,0.00455782376229763,3864.399891452548,3986.0627030923724,0,0.6167395710945129,1
2023-03-14,0.0006132905255071819,0.004716877359896898,3866.7698912927467,4004.864472011718,1,0.6849002838134766,1
2023-03-15,-0.014430648647248745,0.004840326029807329,3810.969893591741,4024.2493217614474,0,0.8619377017021179,1
2023-03-16,0.0055497679859399796,0.004600608255714178,3832.1198923025772,4042.7633164141953,1,0.7500905990600586,1
2023-03-17,-0.005913176108151674,0.0047973087057471275,3809.4598925118407,4062.157700067304,0,0.9331597685813904,1
2023-03-20,0.012846965342760086,0.005108158569782972,3858.399891725575,4082.907845734713,1,0.830708384513855,1
2023-03-21,0.0048232427798211575,0.004823813680559397,3877.009891145003,4102.603032457431,1,0.5624282956123352,1
2023-03-22,0.008331162855029106,0.0049369181506335735,3909.309891938691,4122.857247833214,1,0.6931087970733643,1
2023-03-23,-0.003624680684879422,0.005079921800643206,3895.139891882173,4143.801040247422,0,0.8602147698402405,1
2023-03-24,-0.003044819924980402,0.004785343073308468,3883.279892328784,4163.630549852539,0,0.7451348304748535,1
2023-03-27,-0.004936548415571451,0.004190332256257534,3864.1098931290876,4181.077545248725,0,0.4444015622138977,1
2023-03-28,0.0019435264403000474,0.00429754052311182,3871.619892874609,4199.045895429705,1,0.5571819543838501,1
2023-03-29,0.008523563854396343,0.00382498768158257,3904.619892251477,4215.107194254123,1,0.7541928887367249,1
2023-03-30,0.0032243854366242886,0.0033588057849556208,3917.2098917676058,4229.264920682392,1,0.8627948760986328,1
2023-03-31,0.008503501303493977,0.003115588566288352,3950.519891188311,4242.441570113074,1,0.9275875091552734,1
2023-04-03,0.00012909692304674536,0.003099140478298068,3951.029891150699,4255.5894925098255,1,0.6616376042366028,1
2023-04-04,-0.0013009265530854464,0.0027767810970544815,3945.8898914532665,4267.406332969451,0,0.48785635828971863,1
2023-04-06,0.009305885061621666,0.002396858297288418,3982.6098892489454,4277.634701246529,1,0.5184646844863892,1
2023-04-07,-0.0017927942099049687,0.0019562537781894207,3975.469889299189,4286.002840292557,0,0.6304492950439453,1
2023-04-10,-0.0006716186762787402,0.002186800120398402,3972.799889474552,4295.375471819737,0,0.7888991832733154,1
2023-04-11,5.034232799516758e-06,0.0025967129040509462,3972.8198894740617,4306.529328735155,1,0.8375502228736877,1
2023-04-12,-0.0083794379606843,0.0023712138645350933,3939.529891681241,4316.74103078748,0,0.5379785895347595,1
2023-04-13,0.007028757128864527,0.002240709727630019,3967.2198904917705,4326.413594406825,1,0.5280365347862244,1
2023-04-14,0.013389728963375092,0.001921430230140686,4020.339889563566,4334.72649627521,1,0.6558454036712646,1
2023-04-17,0.002181407529860735,0.0018713140161707997,4029.10988927126,4342.838130723956,1,0.3049945533275604,0
2023-04-18,-0.009230325929820538,0.0019486525561660528,3991.9198917862227,4351.300813348406,0,0.22709183394908905,0
2023-04-19,-0.00549860717728734,0.0016643889248371124,3969.969892418091,4358.5430702307785,0,0.5863533616065979,1
2023-04-20,-0.01931500807404518,0.0016568832797929645,3893.2898918923192,4365.764667368101,0,0.4331549108028412,1
2023-04-21,-0.013125145807862282,0.0013149484293535352,3842.1898943889564,4371.505422760384,0,0.31031593680381775,0
2023-04-24,-0.008817887865006924,0.0013223616406321526,3808.3098947441717,4377.286133843258,0,0.3223584294319153,0
2023-04-25,0.0027308701537549496,0.0016388189978897572,3818.7098945719786,4384.4597135185995,1,0.46088099479675293,1
2023-04-26,0.00845311675220728,0.001319968723692,3850.9898951536047,4390.2470632107315,1,0.4756097197532654,1
2023-04-27,0.009098959155380726,0.0006993165006861091,3886.029894917391,4393.317235424123,1,0.4613580107688904,1
2023-04-28,-0.0035949284210801125,-0.00021557151922024786,3872.0598956029858,4392.370161353268,0,0.48331913352012634,1
2023-05-04,-0.005782451946288347,-0.0006368260364979506,3849.669895323511,4389.57298567258,0,0.661390483379364,1
2023-05-05,0.008029259741306305,-0.0006557974265888333,3880.579894831351,4386.694315004752,1,0.7110389471054077,1
2023-05-08,-0.010111890733242035,-0.0012768902815878391,3841.3398949532,4381.092987665626,0,0.4756997525691986,1
2023-05-09,-0.0018613296560943127,-0.0012966510839760303,3834.189895087586,4375.41223869417,0,0.8347402215003967,1
2023-05-10,-0.0009050151566043496,-0.000495057669468224,3830.7198951192327,4373.246157308319,0,0.5869033336639404,1
2023-05-11,-0.014140944927930832,-0.00032879880745895207,3776.5498960480227,4371.808239187072,0,0.6043683290481567,1
2023-05-12,0.015876924619078636,0.0002488669124431908,3836.5098940677663,4372.896237605352,1,0.5042997002601624,1
2023-05-15,-0.0046995836310088634,0.0009227105183526874,3818.479894969402,4376.931154959456,0,0.4844070076942444,1
2023-05-16,-0.004970564041286707,0.0007421245099976659,3799.499896111091,4380.179382848123,0,0.4885803759098053,1
2023-05-17,-0.003924200776964426,0.0006208053091540933,3784.5898956666956,4382.898621464043,0,0.7115033268928528,1
2023-05-18,-0.0022565191611647606,0.0008581941365264356,3776.049896049973,4386.659999361973,0,0.4909106492996216,1
2023-05-19,0.007727651856839657,0.0009214029414579272,3805.229895040703,4390.701880788561,1,0.488174706697464,1
2023-05-22,-0.013276464305818081,0.00093494588509202,3754.7098961637635,4394.80694944467,0,0.5567705631256104,1
2023-05-23,-0.012949069030582905,0.0009531002724543214,3706.089898528526,4398.995641145569,0,0.8883779048919678,1
2023-05-24,-0.004538476001471281,0.0007353358087129891,3689.2698984647595,4402.230380162876,0,0.9387056231498718,1
2023-05-25,-0.0030385414138436317,0.0007853548740968108,3678.0598990914277,4405.687693248834,0,0.861406147480011,1
2023-05-26,-0.005891692824661732,0.0013435471337288618,3656.3898999752746,4411.606942321203,0,0.5140385031700134,1
2023-05-29,0.0025927212554961443,0.0013288635527715087,3665.869899787322,4417.469365996008,1,0.6020990610122681,1
2023-05-30,-0.013249242678284645,0.0010828564409166574,3617.299899858021,4422.252851151528,0,0.7233524322509766,1
2023-05-31,0.004707931540906429,0.000833413447253406,3634.3299001494806,4425.938416144832,1,0.911247193813324,1
2023-06-01,0.01824820600450039,0.0007127509452402592,3700.6499008557234,4429.093007934515,1,0.8561599850654602,1
2023-06-02,-0.005590909626334906,0.0008802823722362518,3679.959901701334,4432.991860434396,0,0.8819164037704468,1
2023-06-05,-0.008328895084559917,0.0014378635678440332,3649.309901764676,4439.365897927063,0,0.9363766312599182,1
2023-06-06,-0.0063683269545435905,0.0018824321450665593,3626.069903151785,4447.722702997033,0,0.8531965017318726,1
2023-06-07,0.00796730350703001,0.0019815952982753515,3654.9599026079027,4456.536289393324,1,0.7975037097930908,1
2023-06-08,0.0035486023407429457,0.0020532000344246626,3667.9299018736187,4465.686449856122,1,0.8499511480331421,1
2023-06-09,0.0016167156863957644,0.002249540761113167,3673.859901682578,4475.732193551424,1,0.9408209919929504,1
2023-06-12,0.005522801540791988,0.0020671854726970196,3694.149900808244,4484.984362121616,1,0.9433165192604065,1
2023-06-13,-0.00011640025331871584,0.0021377289667725563,3693.719900823993,4494.572043108045,0,0.46926960349082947,1
2023-06-14,0.019579177722334862,0.002131268149241805,3766.039899218751,4504.151181347995,1,0.5714468359947205,1
2023-06-15,0.010483159683644772,0.0020623335149139166,3805.5198968572386,4513.440243285528,1,0.5402999520301819,1
2023-06-16,-0.010319220833480358,0.0017415486508980393,3766.2498966553653,4521.30061905213,0,0.9065104126930237,1
2023-06-19,-7.16893482604064e-05,0.0015640994533896446,3765.9798966548883,4528.372382879,0,0.4873746931552887,1
2023-06-20,-0.015071773901581764,0.0009996241424232721,3709.219899134603,4532.899053238809,0,0.1671518236398697,0
2023-06-21,-0.01126651931554079,0.0009006098844110966,3667.429901495415,4536.981426931194,0,0.4893051087856293,1
2023-06-26,0.009336237795650959,0.0006383357103914022,3701.669899154657,4539.877544193386,1,0.803037166595459,1
2023-06-27,-0.001283204648643732,0.0010669033508747816,3696.919899132317,4544.721154757847,0,0.8776264786720276,1
2023-06-28,-0.0058048320934176445,0.0021061503794044256,3675.4598998550396,4554.293020942228,0,0.6768475770950317,1
2023-06-29,0.003449908224865794,0.0018674827879294753,3688.1398991937135,4562.7980847700255,1,0.650198221206665,1
2023-06-30,0.01187861617654562,0.0012523066252470016,3731.9498974616395,4568.512107041247,1,0.726366400718689,1
2023-07-03,0.0012674338649958372,0.0008337436593137681,3736.67989714415,4572.321075042991,1,0.8756991624832153,1
2023-07-04,-0.006527184508740902,0.0011354275047779083,3712.2898980053874,4577.5126141522705,0,0.9537492990493774,1
2023-07-05,-0.007817276753485203,0.00108205561991781,3683.2699004835117,4582.465737401658,0,0.7610531449317932,1
2023-07-06,-0.00614128215238452,0.0011195697588846087,3660.649900781257,4587.596127462378,0,0.5925277471542358,1
2023-07-07,0.006952317431569099,0.0009262058883905411,3686.0999008973304,4591.845186009191,1,0.6928436160087585,1
2023-07-10,0.006557065527886152,0.0012136595323681831,3710.2698994898487,4597.41812269035,1,0.49332115054130554,1
2023-07-11,-0.004975378978997469,0.0014771069400012493,3691.80990062552,4604.209000905464,0,0.4962553083896637,1
2023-07-12,0.012866317294538021,0.0015815496444702148,3739.309898198085,4611.490786013912,1,0.5511852502822876,1
2023-07-13,0.0007915899041108787,0.0016689851181581616,3742.2698981618405,4619.187295508294,1,0.6593388915061951,1
2023-07-14,-0.00872732326388359,0.0014638634165748954,3709.609899019881,4625.949154804495,0,0.5303409099578857,1
2023-07-17,-0.0033076254185289145,0.0010883883805945516,3697.3398990250566,4630.9839841138055,0,0.5728515386581421,1
2023-07-18,-0.0007005035877227783,0.0008023028494790196,3694.749899160759,4634.6994357601525,0,0.6288150548934937,1
2023-07-19,-0.0057378713972866535,0.001500720507465303,3673.549899394237,4641.654824249335,0,0.4614506959915161,1
2023-07-20,-0.0012304174015298486,0.002195957349613309,3669.0298996726337,4651.847700275013,0,0.5220667719841003,1
2023-07-21,-0.005955252330750227,0.002512020291760564,3647.179900811016,4663.533236092284,0,0.6029441356658936,1
2023-07-24,0.02983400784432888,0.0029092496261000633,3755.9898945814907,4677.10061841569,1,0.6301836371421814,1
2023-07-25,-0.0018583649070933461,0.002991537330672145,3749.009894770003,4691.092339514991,0,0.07491684705018997,0
2023-07-26,-0.0019205070566385984,0.0026929161977022886,3741.809894811689,4703.725058060988,0,0.5399526357650757,1
2023-07-27,0.022147035226225853,0.0021069396752864122,3824.6798903619238,4713.635523007456,1,0.5919050574302673,1
2023-07-28,0.004946819040924311,0.0018098617438226938,3843.5998896690066,4722.1665516148705,1,0.604053258895874,1
2023-07-31,-0.0036996565759181976,0.0017096027731895447,3829.379890061994,4730.239580646974,0,0.3821958005428314,1
2023-08-01,-0.006854895502328873,0.0011823623208329082,3803.129891076899,4735.832437695644,0,0.04722985625267029,0
2023-08-02,0.007864574901759624,0.0009435255778953433,3833.039890966394,4740.300816733236,1,0.22771808505058289,0
2023-08-03,0.0035220086574554443,0.0009760148823261261,3846.53989064675,4744.92742087707,1,0.38381075859069824,1
2023-08-04,-0.00787200964987278,0.0010889642871916294,3816.2598915089584,4750.094477383721,0,0.48687851428985596,1
2023-08-07,-0.002135598799213767,0.0008560281712561846,3808.1098914671643,4754.16069207249,0,0.6225491762161255,1
2023-08-08,-0.0023134835064411163,0.0007531652227044106,3799.29989204254,4757.741360568907,0,0.16452620923519135,0
2023-08-09,0.0009343826677650213,0.0005114501109346747,3802.849892011306,4760.174707915568,1,0.6091839075088501,1
2023-08-10,-0.02296961471438408,0.0001741401938488707,3715.4998951751695,4761.00364566196,0,0.8230863213539124,1
2023-08-11,-0.00746871205046773,-0.0001582829572726041,3687.749896334563,4760.250059925339,0,0.9147363305091858,1
2023-08-14,-0.003858721349388361,-0.00013658814714290202,3673.519897078372,4759.5998661897165,0,0.5241022109985352,1
2023-08-15,-0.00839793961495161,0.0005042406264692545,3642.6698988083845,4761.999849807987,0,0.4156351685523987,1
2023-08-16,0.003953144419938326,0.0008390897419303656,3657.0698989925363,4765.995595033035,1,0.6910715103149414,1
2023-08-17,-0.013272920623421669,0.0005987541517242789,3608.5299005089037,4768.849254682661,0,0.6482653617858887,1
2023-08-18,-0.0129027608782053,0.0006726286374032497,3561.9699020807834,4772.056919258819,0,0.47638651728630066,1
2023-08-21,0.00629426958039403,0.0010402790503576398,3584.38990088173,4777.021190099039,1,0.4752090573310852,1
2023-08-22,-0.017300015315413475,0.0015599677572026849,3522.379900700062,4784.473189131068,0,0.4008539021015167,1
2023-08-23,0.009243750013411045,0.0016743928426876664,3554.939899954397,4792.484276794979,1,0.46280232071876526,1
2023-08-24,-0.00313929351978004,0.001780740451067686,3543.779900163263,4801.018447407774,0,0.4006647765636444,1
2023-08-25,0.014416809193789959,0.00205547665245831,3594.869898808705,4810.886828734442,1,0.6135477423667908,1
2023-08-28,0.011463557370007038,0.002515434753149748,3636.07989613141,4822.988300656912,1,0.4862213730812073,1
2023-08-29,0.002230423968285322,0.0037788678891956806,3644.1898958823417,4841.2137362762305,1,0.6220687031745911,1
2023-08-30,-0.0050902944058179855,0.004122744780033827,3625.6398964415935,4861.172824936491,0,0.18989881873130798,0
2023-08-31,0.006638827733695507,0.004660984966903925,3649.709895138483,4883.830678395043,1,0.45069950819015503,1
2023-09-01,0.015919072553515434,0.004434080794453621,3707.8098917584753,4905.485978209477,1,0.5282835364341736,1
2023-09-04,-0.006637341342866421,0.004404648672789335,3683.199891872418,4927.092920512785,0,0.48644477128982544,1
2023-09-05,-0.003010968677699566,0.0042909421026706696,3672.1098923642835,4948.234790969183,0,0.09962955862283707,0
2023-09-06,-0.015334508381783962,0.004188620951026678,3615.7998924409917,4968.961070885237,0,0.11419761925935745,0
2023-09-07,-0.007522540166974068,0.004608680494129658,3588.5998925143635,4991.861424848715,0,0.4884227514266968,1
2023-09-08,0.0060385665856301785,0.004131445195525885,3610.269891914497,5012.485026749137,1,0.5176528692245483,1
2023-09-11,-0.0014735739678144455,0.004232453648000956,3604.949892184987,5033.700137286151,0,0.3084496855735779,0
2023-09-12,-0.006380116101354361,0.0032088039442896843,3581.949893333282,5049.8522941410465,0,0.3693345785140991,1
2023-09-13,-0.0014126383466646075,0.002435743808746338,3576.8898935581283,5062.152440601584,0,0.35691335797309875,1
2023-09-14,-0.00712630245834589,0.002303819404914975,3551.399894316432,5073.814725624879,0,0.7771369814872742,1
2023-09-15,0.0065213716588914394,0.0021945645567029715,3574.5598929366174,5084.9495395890135,1,0.8194911479949951,1
2023-09-18,-0.0024618415627628565,0.0020040029194206,3565.759892823601,5095.139793311457,0,0.8348499536514282,1
2023-09-19,-0.004565646406263113,0.001988433301448822,3549.479893983334,5105.271138952014,0,0.663054347038269,1
2023-09-20,-0.00984087772667408,0.0018337321234866977,3514.549896353356,5114.63283863862,0,0.9013024568557739,1
2023-09-21,0.020810630172491074,0.0015104468911886215,3587.689894469133,5122.358219909313,1,0.8980474472045898,1
2023-09-22,-0.007442114409059286,0.0012740130769088864,3560.9898958102676,5128.88417126609,0,0.9153491258621216,1
2023-09-25,-0.007893872447311878,0.0013184427516534925,3532.8798957865747,5135.646311425767,0,0.6232201457023621,1
2023-09-26,0.002955096075311303,0.0012768878368660808,3543.31989530116,5142.203955735272,1,0.4923294186592102,1
2023-09-27,-0.004351850599050522,0.0009299855446442962,3527.899896492166,5146.986131081719,0,0.5329087972640991,1
2023-09-28,-0.001196179073303938,0.000750618171878159,3523.679896463271,5150.849552402113,0,0.4918573200702667,1
2023-10-09,-0.007114720996469259,0.000729280523955822,3498.6098971190668,5154.605966662507,0,0.4808937609195709,1
2023-10-10,0.004587536212056875,0.001751800999045372,3514.659896713961,5163.635810544591,1,0.320682555437088,0
2023-10-11,0.009468910284340382,0.0023155552335083485,3547.939895955915,5175.592494469628,1,0.4738110601902008,1
2023-10-12,-0.011651831679046154,0.0025607829447835684,3506.5998974808635,5188.846063458616,0,0.7289527654647827,1
2023-10-13,-0.01163520198315382,0.0026076703798025846,3465.7998993995675,5202.3768636436525,0,0.85674649477005,1
2023-10-16,0.003015176858752966,0.0027271155267953873,3476.2498990533054,5216.564346364737,1,0.880669116973877,1
2023-10-17,-0.0068090613931417465,0.0026487447321414948,3452.579900072749,5230.381693697047,0,0.5655261278152466,1
2023-10-18,-0.023008881136775017,0.002773469313979149,3373.1398995367567,5244.887996824914,0,0.481055349111557,1
2023-10-19,-0.006418352015316486,0.0027274880558252335,3351.4899002646207,5259.193366190395,0,0.5009682178497314,1
2023-10-20,-0.009542024694383144,0.0026921099051833153,3319.50990087332,5273.35169274479,0,0.6122172474861145,1
2023-10-23,0.0018315956695005298,0.002413729438558221,3325.5899008326237,5286.080136965439,1,0.51935213804245,1
2023-10-24,0.0035001307260245085,0.0021569128148257732,3337.229900226685,5297.481750953056,1,0.5855504274368286,1
2023-10-25,0.0018188736867159605,0.0019748981576412916,3343.299899878729,5307.9437379031515,1,0.6888795495033264,1
2023-10-26,0.01519456785172224,0.002095152623951435,3394.0998970560922,5319.0646901534055,1,0.5077075958251953,1
2023-10-27,0.009189476259052753,0.001997758401557803,3425.2898974809427,5329.69089632659,1,0.6273011565208435,1
2023-10-30,-0.005252109840512276,0.0018108889926224947,3407.2998987037754,5339.342374904828,0,0.6207152605056763,1
2023-10-31,-0.00034631526796147227,0.0014334652805700898,3406.1198987263306,5346.99613682033,0,0.49120330810546875,1
2023-11-01,-0.004104376770555973,0.001548301661387086,3392.1398993362695,5355.2748998224,0,0.4986443519592285,1
2023-11-02,0.009327445179224014,0.0016774394316598773,3423.7798982875875,5364.25804910674,1,0.6099967360496521,1
2023-11-03,0.014612504281103611,0.0020614867098629475,3473.8098967088713,5375.316395783249,1,0.9170506596565247,1
2023-11-06,-0.005714186932891607,0.0026007795240730047,3453.959897589748,5389.296408600816,0,0.44187745451927185,1
2023-11-07,-0.001493937335908413,0.002340405248105526,3448.799897942008,5401.909546199101,0,0.1545644849538803,0
2023-11-08,-0.0009394572116434574,0.0016561854863539338,3445.5598980063714,5410.856110388113,0,0.12159056216478348,0
2023-11-09,-0.007853585295379162,0.0009372364729642868,3418.4998994570406,5415.92736208473,0,0.5923683643341064,1
2023-11-10,-0.0024776950012892485,0.0011526423040777445,3410.029899344248,5422.169989078081,0,0.49825894832611084,1
2023-11-13,-0.0013225689763203263,0.002077393466606736,3405.5198995910505,5433.433969588223,0,0.4874594509601593,1
2023-11-14,0.008265991695225239,0.0024517353158444166,3433.6698987989944,5446.755311537771,1,0.1856890767812729,0
2023-11-15,-0.010734870098531246,0.0024262815713882446,3396.80989847415,5459.9706735740165,0,0.49276185035705566,1
2023-11-16,-0.0024375810753554106,0.0026634340174496174,3388.5298989490498,5474.51294520029,0,0.524745762348175,1
2023-11-17,0.0019920142367482185,0.002717457013204694,3395.279898749403,5489.389698797105,1,0.8262764811515808,1
2023-11-20,0.0021470983047038317,0.002381207188591361,3402.569898464003,5502.46107300886,1,0.575761079788208,1
2023-11-21,-0.011265014298260212,0.00222762580960989,3364.239899906976,5514.718497311469,0,0.5668284296989441,1
2023-11-22,0.0050323400646448135,0.002010839758440852,3381.1698991423546,5525.807712522472,1,0.534447431564331,1
2023-11-23,-0.007479659281671047,0.0020652292296290398,3355.8799003233275,5537.219772127682,0,0.6974929571151733,1
2023-11-24,-0.00883821863681078,0.002317561535164714,3326.2199000453916,5550.052619683319,0,0.5507628321647644,1
2023-11-27,0.00256747892126441,0.0021303982939571142,3334.7598995262483,5561.876442315664,1,0.6484493017196655,1
2023-11-28,-0.008534347638487816,0.002689954126253724,3306.299899252803,5576.837634801384,0,0.5992653965950012,1
2023-11-29,0.0015304116532206535,0.0028106621466577053,3311.3598991476615,5592.512241239577,1,0.505233645439148,1
2023-11-30,-0.005139882210642099,0.0027241751085966825,3294.3398993089986,5607.747223881684,0,0.3648463487625122,1
2023-12-01,-0.0075735957361757755,0.0026496141217648983,3269.3899006940783,5622.605590117369,0,0.3138703405857086,0
2023-12-04,-0.020086316391825676,0.0027177794836461544,3203.7199007404975,5637.886592234823,0,0.19335758686065674,0
2023-12-05,0.0029684242326766253,0.0031240854877978563,3213.229900528564,5655.499831919475,1,0.49058961868286133,1
2023-12-06,-0.0033704403322190046,0.0035745566710829735,3202.3999008751302,5675.71573657197,0,0.4922499656677246,1
2023-12-07,0.003316262736916542,0.003523825202137232,3213.0199003351076,5695.715966724671,1,0.783876359462738,1
2023-12-08,0.006744433660060167,0.003354873275384307,3234.6898999013706,5714.824372005614,1,0.6448554396629333,1
2023-12-11,0.0017683302285149693,0.0035347293596714735,3240.4098998312384,5735.024729498709,1,0.7257615923881531,1
2023-12-12,-0.01747618429362774,0.0036242252681404352,3183.7798992348917,5755.809751036768,0,0.5080816149711609,1
2023-12-13,-0.004673689603805542,0.0035892920568585396,3168.8999002190326,5776.469033256953,0,0.5010050535202026,1
2023-12-14,-0.0024109312798827887,0.0037248898297548294,3161.259900326777,5797.985744010826,0,0.6296840906143188,1
2023-12-15,-0.004134427290409803,0.004217549227178097,3148.189901122788,5822.439034304668,0,0.7222440242767334,1
2023-12-18,0.0029731369577348232,0.004499311558902264,3157.5499008677834,5848.636001552719,1,0.8374732136726379,1
2023-12-19,-0.010175610892474651,0.004791711922734976,3125.419901702981,5876.660980413096,0,0.5026012063026428,1
2023-12-20,0.012014385312795639,0.005091490689665079,3162.9699006663204,5906.581945081188,1,0.699813961982727,1
2023-12-21,0.0026968324091285467,0.005016690120100975,3171.499900403535,5936.213436368643,1,0.6400925517082214,1
2023-12-22,0.0017625729087740183,0.0047271824441850185,3177.0899002081655,5964.275000309979,1,0.8952952027320862,1
2023-12-25,-0.006036970764398575,0.004552418831735849,3157.909901364743,5991.426878139042,0,0.43416404724121094,1
2023-12-26,0.003970980644226074,0.004855206236243248,3170.4499004592726,6020.516491281778,1,0.5246737599372864,1
2023-12-27,0.025289785116910934,0.004605437163263559,3250.6298971658193,6048.243601672768,1,0.3662993013858795,1
2023-12-28,0.0038207978941500187,0.004612825345247984,3263.049897031571,6076.143093052799,1,0.5024898052215576,1
2023-12-29,-0.013655935414135456,0.004519409034401178,3218.489898384607,6103.603669041856,0,0.6591834425926208,1
2024-01-02,-0.0029516946524381638,0.004573049023747444,3208.9898989626186,6131.515747841909,0,0.6372483968734741,1
2024-01-03,-0.009579338133335114,0.004539345391094685,3178.249899653999,6159.3488155923,0,0.3752315938472748,1
2024-01-04,-0.005103437229990959,0.004444315563887358,3162.02990078989,6186.722905396848,0,0.5459320545196533,1
2024-01-05,-0.012226322665810585,0.00438813678920269,3123.3699029438917,6213.871091782623,0,0.5225797891616821,1
2024-01-08,0.002106698928400874,0.004637961741536856,3129.949902971423,6242.690788173152,1,0.4062581956386566,1
2024-01-09,-0.005936197005212307,0.004762036260217428,3111.3699037309398,6272.418708067758,0,0.5080543160438538,1
2024-01-10,0.006466604769229889,0.004615857731550932,3131.4899031892446,6301.371300456917,1,0.4214811325073242,1
2024-01-11,-0.003863975405693054,0.004472801927477121,3119.3899032201452,6329.55608615535,0,0.6482610106468201,1
2024-01-12,-0.0011059854878112674,0.0042997682467103004,3115.9399032563583,6356.771710430373,0,0.6108278036117554,1
2024-01-15,0.005722189787775278,0.004315313417464495,3133.7699027500935,6384.2031726841515,1,0.6600481271743774,1
2024-01-16,-0.023387165740132332,0.0048111239448189735,3060.4799066430387,6414.918365436842,0,0.5230662822723389,1
2024-01-17,0.016605237498879433,0.004512794315814972,3111.2999023533944,6443.867572572802,1,0.4847549796104431,1
2024-01-18,0.00027962587773799896,0.004264189396053553,3112.169902319496,6471.345444345339,1,0.7815204858779907,1
2024-01-19,-0.012859194539487362,0.004138002172112465,3072.1499041056322,6498.12388585053,0,0.7347996830940247,1
2024-01-22,0.0029360544867813587,0.0037972235586494207,3081.169903615646,6522.798714956904,1,0.6250752210617065,1
2024-01-23,0.011995443142950535,0.004046590067446232,3118.129902008238,6549.193807448801,1,0.5576918721199036,1
2024-01-24,0.01953093707561493,0.004315528087317944,3179.029900917954,6577.457037274135,1,0.36638760566711426,1
2024-01-25,-0.004875700920820236,0.003948593977838755,3163.5299019027334,6603.428744521008,0,0.2919268310070038,0
2024-01-26,-0.01147136278450489,0.003168398281559348,3127.239902718378,6624.351036807549,0,0.2214052826166153,0
2024-01-29,-0.017792046070098877,0.0026980736292898655,3071.5999062969613,6642.224023651118,0,0.3951912522315979,1
2024-01-30,-0.007217736914753914,0.003120862413197756,3049.429906265927,6662.95349094657,0,0.4306763708591461,1
2024-01-31,0.0008296632440760732,0.0035352155100554228,3051.959906174542,6686.508467470542,1,0.37172573804855347,1
2024-02-01,-0.013224288821220398,0.00405518664047122,3011.599906904505,6713.623507279226,0,0.32751303911209106,0
2024-02-02,0.010266968049108982,0.003966169897466898,3042.5199069253936,6740.250878736723,1,0.5082219839096069,1
2024-02-05,0.03443855792284012,0.0031026960350573063,3147.299904971438,6761.1638284134715,1,0.5364272594451904,1
2024-02-06,0.011381183750927448,0.003365598851814866,3183.1199035091945,6783.919193631312,1,0.4054301679134369,1
2024-02-07,0.007564905099570751,0.0027460670098662376,3207.199903499796,6802.548290326542,1,0.45287078619003296,1
2024-02-08,0.008624345064163208,0.0019592915195971727,3234.8599021573295,6815.876465503428,1,0.11369631439447403,0
2024-02-19,0.0010665067238733172,0.0017362437210977077,3238.3099019937686,6827.710488220437,1,0.4387585520744324,1
2024-02-20,0.012166840024292469,0.0017829451244324446,3277.709900520409,6839.883921346446,1,0.4586569368839264,1
2024-02-21,0.0074533745646476746,0.0017028686124831438,3302.1399001232417,6851.531344989135,1,0.5021148920059204,1
2024-02-22,-0.0011840806109830737,0.0018183516804128885,3298.229900292752,6863.9898385236975,0,0.5703933238983154,1
2024-02-23,-0.009878025390207767,0.0017162912990897894,3265.649901594918,6875.770444560596,0,0.4264737367630005,1
2024-02-26,0.012117036618292332,0.001308178179897368,3305.219901035066,6884.765177426153,1,0.4930449426174164,1
2024-02-27,-0.012592202983796597,0.001682839822024107,3263.5999011351487,6896.351134432011,0,0.4544518291950226,1
2024-02-28,0.019337540492415428,0.0014031259343028069,3326.7098963743924,6906.027583560792,1,0.348326176404953,0
2024-02-29,0.0066371881403028965,0.0008196580456569791,3348.789895844837,6911.688164633186,1,0.34019604325294495,0
2024-03-01,0.0012243228266015649,-2.2471387637779117e-05,3352.889895755812,6911.532849409206,1,0.6892483234405518,1
2024-03-04,0.007220636587589979,-0.0008705675136297941,3377.0998952112673,6905.515893441126,1,0.7124406099319458,1
2024-03-05,-0.00323058245703578,-0.0014737029559910297,3366.1898955341408,6895.339214256319,0,0.3369207978248596,0
2024-03-06,-0.005017542280256748,-0.0016888530226424336,3349.2998954099253,6883.693999782177,0,0.15251055359840393,0
2024-03-07,0.002866270486265421,-0.0015041596489027143,3358.89989484979,6873.339825032311,1,0.3793455958366394,1
2024-03-08,0.015448509715497494,-0.001386674353852868,3410.7898925087607,6863.808740971624,1,0.4913357198238373,1
2024-03-11,0.0025712517090141773,-0.0009151534177362919,3419.5598918489623,6857.527302943635,1,0.6869772672653198,1
2024-03-12,-0.007150042802095413,-0.00023291920660994947,3395.1098922579135,6855.930053124927,0,0.5717631578445435,1
2024-03-13,-0.002318039769306779,-0.00025852673570625484,3387.2398925064927,6854.157611908063,0,0.23243030905723572,0
2024-03-14,-4.7236098907887936e-05,-0.0002718027972150594,3387.0798925079057,6852.294632696593,0,0.353736013174057,1
2024-03-15,0.008092516101896763,-0.0006188389379531145,3414.4898910764364,6848.054165963554,1,0.6746054887771606,1
2024-03-18,-0.007588248699903488,-0.0014149240450933576,3388.579892599642,6838.36468946203,0,0.6855208873748779,1
2024-03-19,0.0030750343576073647,-0.001620074617676437,3398.999892192883,6827.286028402217,1,0.08513925224542618,0
2024-03-20,-0.001144454232417047,-0.0018240065546706319,3395.109892380278,6814.8330139358,0,0.6003038883209229,1
2024-03-21,-0.008444498293101788,-0.0023659453727304935,3366.43989268918,6798.7094913005485,0,0.6012844443321228,1
2024-03-22,-0.003947790712118149,-0.0026430897414684296,3353.1498925479173,6780.739891988868,0,0.7280215620994568,1
2024-03-25,0.004720934201031923,-0.0023300510365515947,3368.9798925568334,6764.940421974953,1,0.5514936447143555,1
2024-03-26,-0.010851949453353882,-0.001272659981623292,3332.419893053441,6756.330953021839,0,0.5385963320732117,1
2024-03-27,0.006556796375662088,-0.0005379312206059694,3354.269891730398,6752.696511665462,1,0.5381596684455872,1
2024-03-28,0.005840316880494356,3.6077311960980296e-05,3373.8598908008044,6752.9401308040915,1,0.597135603427887,1
2024-03-29,0.01772747002542019,-9.059614967554808e-05,3433.669890884943,6752.3283404292515,1,0.4999573826789856,1
2024-04-01,-0.003165709087625146,-0.00017372393631376326,3422.799890907464,6751.155299370669,0,0.5008569955825806,1
2024-04-02,-0.0017471075989305973,0.0007889437838457525,3416.819891208441,6756.481581377885,0,0.1527571976184845,0
2024-04-03,-0.007937205024063587,0.0013769567012786865,3389.6998912016206,6765.784963968429,0,0.2598087787628174,0
2024-04-08,-0.0017671179957687855,0.0012806274462491274,3383.7098915236224,6774.449413888708,0,0.46067726612091064,1
2024-04-09,-0.008032603189349174,0.0015313094481825829,3356.5298926571377,6784.82319228243,0,0.6242974400520325,1
2024-04-10,-0.0011202044552192092,0.0018069709185510874,3352.769892917307,6797.083170478396,0,0.5709945559501648,1
2024-04-11,-0.007900930009782314,0.0025983969680964947,3326.279892654462,6814.744690780467,0,0.31962937116622925,0
2024-04-12,0.021321116015315056,0.0028995946049690247,3397.1998921451577,6834.504687720095,1,0.2078966200351715,0
2024-04-15,-0.008512892760336399,0.0030953981913626194,3368.2798937778994,6855.660201169324,0,0.2799075245857239,0
2024-04-16,0.013772607780992985,0.0033326479606330395,3414.669891651507,6878.507703157543,1,0.7990068793296814,1
2024-04-17,-0.0005242087645456195,0.0035977992229163647,3412.879891766273,6903.255192826788,0,0.49811145663261414,1
2024-04-18,-0.007600618992000818,0.0036639771424233913,3386.9398920434965,6928.548562061621,0,0.3690677583217621,1
2024-04-19,-0.002571642864495516,0.0029518078081309795,3378.2298922376476,6949.000305806129,0,0.4952218532562256,1
2024-04-22,-0.008770865388214588,0.002583537483587861,3348.5998926023885,6966.953308569643,0,0.49941664934158325,1
2024-04-23,0.002798184286803007,0.0030601557809859514,3357.969892204659,6988.273271012722,1,0.6391224265098572,1
2024-04-24,0.0029899016954004765,0.004028487019240856,3368.009892078466,7016.425439171905,1,0.8227477669715881,1
2024-04-25,0.015878813341259956,0.0043668742291629314,3421.489892486297,7047.065286603068,1,0.5401896238327026,1
2024-04-26,0.011386851780116558,0.0033914281520992517,3460.4498907592056,7070.964902205735,1,0.5597956776618958,1
2024-04-29,-0.00729962857440114,0.003591584274545312,3435.189891856336,7096.360868554359,0,0.618281364440918,1
2024-04-30,0.018185311928391457,0.003426936222240329,3497.659891573001,7120.679644660896,1,0.34429144859313965,0
2024-05-06,0.0006890320801176131,0.0035943889524787664,3500.0698914436352,7146.274136909806,1,0.46528419852256775,1
2024-05-07,-0.008645541034638882,0.003905893536284566,3469.8098935730554,7174.186722869679,0,0.6325321793556213,1
2024-05-08,0.010297393426299095,0.0038152989000082016,3505.539891161642,7201.558389581897,1,0.5531465411186218,1
2024-05-09,-0.00031093638972379267,0.0036069375928491354,3504.4498912438517,7227.533961264378,0,0.5055891275405884,1
2024-05-10,-0.0014210504014045,0.0028267260640859604,3499.4698913191974,7247.964219891751,0,0.47826358675956726,1
2024-05-13,-0.004000606015324593,0.0019282004795968533,3485.469891021539,7261.939747976647,0,0.4746091961860657,1
2024-05-14,-0.00796162337064743,0.0018652047729119658,3457.7198924794934,7275.484752655172,0,0.5185717344284058,1
2024-05-15,0.0029990861658006907,0.0020523197017610073,3468.0898923742425,7290.4163733529085,1,0.9157824516296387,1
2024-05-16,0.011349186301231384,0.0018525816267356277,3507.4498906722156,7303.9224647774345,1,0.9603597521781921,1
2024-05-17,0.0023977532982826233,0.0014325689990073442,3515.8598902161357,7314.385837671628,1,0.6082096695899963,1
2024-05-20,-0.005679975729435682,0.001383993192575872,3495.8898913716116,7324.508897878839,0,0.5770083665847778,1
2024-05-21,0.0024171241093426943,0.0010601772228255868,3504.3398911116537,7332.274175380753,1,0.5208828449249268,1
2024-05-22,-0.011759703978896141,0.0012484416365623474,3463.1298913507435,7341.42809175199,0,0.6477687358856201,1
2024-05-23,-0.011117110960185528,0.0015198684995993972,3424.629892079062,7352.586097050718,0,0.7667959332466125,1
2024-05-24,0.008535228669643402,0.0018060688162222505,3453.859891316853,7365.865373519191,1,0.7077435255050659,1
2024-05-27,-0.00706166448071599,0.0015755703207105398,3429.4698916009716,7377.470812388057,0,0.7263672947883606,1
2024-05-28,0.003315381007269025,0.001297333394177258,3440.839890944586,7387.041851637537,1,0.7237110733985901,1
2024-05-29,-0.00561200175434351,0.0017184182070195675,3421.52989144019,7399.735878851406,0,0.6929699182510376,1
2024-05-30,-0.006122991908341646,0.0015731395687907934,3400.5798916007525,7411.376696161028,0,0.4795049726963043,1
2024-05-31,0.00598427327349782,0.002318713581189513,3420.929890960453,7428.561555961728,1,0.9037852883338928,1
2024-06-03,0.008763698861002922,0.0031690229661762714,3450.909890349434,7452.102838138225,1,0.7772791981697083,1
2024-06-04,-0.005772390402853489,0.002970270114019513,3430.989891217269,7474.237596484947,0,0.49480897188186646,1
2024-06-05,0.0012707702117040753,0.002728179330006242,3435.3498909676855,7494.628657003233,1,0.4867112934589386,1
2024-06-06,-0.007047316990792751,0.0026912831235677004,3411.139891311751,7514.798824625232,0,0.5895372629165649,1
2024-06-07,-0.009222723543643951,0.0023983309511095285,3379.6798911254873,7532.821799237692,0,0.6840630769729614,1
2024-06-11,-0.00036985750193707645,0.0025937522295862436,3378.4298911636083,7552.36007257454,0,0.7438904047012329,1
2024-06-12,-0.006591819226741791,0.003466149093583226,3356.1598920508372,7578.537678594509,0,0.5906849503517151,1
2024-06-13,0.005276863928884268,0.00395445991307497,3373.8698911247684,7608.506702044238,1,0.684033215045929,1
2024-06-14,-0.0011559425620362163,0.004136804491281509,3369.9698913188445,7639.9816067412,0,0.49186524748802185,1
2024-06-17,0.0024243539664894342,0.004789700265973806,3378.1398911918136,7676.574828675044,1,0.9251793622970581,1
2024-06-18,-0.00491098640486598,0.005376239772886038,3361.5498921124354,7717.8459355885025,0,0.7657985687255859,1
2024-06-19,-0.0063393376767635345,0.005933373235166073,3340.2398922290463,7763.638796095858,0,0.6845221519470215,1
2024-06-20,-0.0030506791081279516,0.006031263154000044,3330.0498921736876,7810.463344707716,0,0.5769254565238953,1
2024-06-21,-0.0027687272522598505,0.005784761160612106,3320.8298922858417,7855.645009710566,0,0.6020280122756958,1
2024-06-24,-0.004676541779190302,0.005297143943607807,3305.299892552983,7897.257492096888,0,0.5919687151908875,1
2024-06-25,0.005727165378630161,0.0050041042268276215,3324.2298916636023,7936.776191693435,1,0.5198482275009155,1
2024-06-26,-0.007210692390799522,0.0047743599861860275,3300.259892478515,7974.66921836237,0,0.4920058846473694,1
2024-06-27,0.002948252484202385,0.0046360082924366,3309.989891905029,8011.639850988136,1,0.5538952350616455,1
2024-06-28,0.0025679836980998516,0.004180933814495802,3318.4898919883162,8045.135986950694,1,0.5354156494140625,1
2024-07-01,-0.0018864001613110304,0.003817845368757844,3312.2298921207603,8075.851072119502,0,0.6289951801300049,1
2024-07-02,0.00016303214943036437,0.0035281581804156303,3312.7698920794805,8104.343952143418,1,0.829369843006134,1
2024-07-03,-0.003951375838369131,0.003967161290347576,3299.679893169841,8136.495191754025,0,0.5075695514678955,1
2024-07-04,-0.003760970663279295,0.004073279444128275,3287.269893893417,8169.6374103658445,0,0.5879546999931335,1
2024-07-05,-0.008794531226158142,0.003842204110696912,3258.3598961627617,8201.026824806857,0,0.6277183890342712,1
2024-07-08,0.010898120701313019,0.0037599396891891956,3293.869895599461,8231.862191057553,1,0.7764580249786377,1
2024-07-09,-0.0025319759733974934,0.003692513331770897,3285.5298961643057,8262.258451943333,0,0.5066049098968506,1
2024-07-10,0.011666306294500828,0.0033469207119196653,3323.859894272698,8289.911575883376,1,0.5720206499099731,1
2024-07-11,0.004356381017714739,0.003045571269467473,3338.339894421651,8315.15909240531,1,0.705867350101471,1
2024-07-12,-0.0014228628715500236,0.002819217275828123,3333.5898945332638,8338.601332569879,0,0.5771827697753906,1
2024-07-15,0.006059533450752497,0.0023438972420990467,3353.7898940102787,8358.146157236253,1,0.5060142874717712,1
2024-07-16,0.00042638328159227967,0.0021987752988934517,3355.2198939510577,8376.523842551325,1,0.5916755199432373,1
2024-07-17,0.007141111418604851,0.0033865156583487988,3379.1798930476816,8404.891071706657,1,0.6177797317504883,1
2024-07-18,0.004462621174752712,0.004039013758301735,3394.259892791695,8438.838542382307,1,0.7838244438171387,1
2024-07-19,-0.006737845484167337,0.004404905717819929,3371.389894100958,8476.010830529407,0,0.8662480711936951,1
2024-07-22,-0.02277992106974125,0.004675138741731644,3294.589898418015,8515.637357138552,0,0.8031148314476013,1
2024-07-23,-0.006823307368904352,0.0048538693226873875,3272.1098988866215,8556.971148069497,0,0.5100194811820984,1
2024-07-24,-0.0058738854713737965,0.005056856665760279,3252.889900090813,8600.24252465833,0,0.7776710987091064,1
2024-07-25,0.0044729458168148994,0.004952943883836269,3267.4399003619837,8642.839043270345,1,0.6473701000213623,1
2024-07-26,-0.008658153936266899,0.004794818814843893,3239.1499027271493,8684.279890528685,0,0.9213722348213196,1
2024-07-29,-0.007434049155563116,0.004192959982901812,3215.069903128038,8720.692728589991,0,0.6984624266624451,1
2024-07-30,0.022167479619383812,0.004198535345494747,3286.3398996805226,8757.306865248176,1,0.47577887773513794,1
2024-07-31,-0.007756349164992571,0.004079751670360565,3260.849899943754,8793.034502559532,0,0.5617949962615967,1
2024-08-01,-0.01074566412717104,0.003915769513696432,3225.809902149839,8827.465998997535,0,0.6196926236152649,1
2024-08-02,-0.01172108668833971,0.003579978831112385,3187.9999046466364,8859.068140406313,0,0.6036162376403809,1
2024-08-05,-0.0012390213087201118,0.003334365552291274,3184.0499048325814,8888.607512039085,0,0.5776883959770203,1
2024-08-06,-0.0012122924672439694,0.0030173975974321365,3180.1899051176238,8915.427974990429,0,0.6171634793281555,1
2024-08-07,0.0006697712815366685,0.0028412179090082645,3182.3199049859045,8940.758648619445,1,0.5675293207168579,1
2024-08-08,-0.002425903221592307,0.003206393215805292,3174.599904876262,8969.42623649453,0,0.6243095993995667,1
2024-08-09,-0.001716751721687615,0.0033729339484125376,3169.1499050238963,8999.679518745383,0,0.6926591992378235,1
2024-08-12,0.002360254293307662,0.004038822837173939,3176.6299046933646,9036.027629912938,1,0.8793126940727234,1
2024-08-13,-0.008477537892758846,0.004260479472577572,3149.699904305056,9074.525440143825,0,0.7126055955886841,1
2024-08-14,0.010823252610862255,0.004369139671325684,3183.7899020177583,9114.173309242811,1,0.3821025490760803,1
2024-08-15,0.0015704553807154298,0.004293527919799089,3188.7899020004493,9153.305266811933,1,0.5110080242156982,1
2024-08-16,0.002119926270097494,0.004082517698407173,3195.549901483522,9190.673797562617,1,0.650176465511322,1
2024-08-19,-0.005229146685451269,0.004309534095227718,3178.8399023079846,9230.281319651329,0,0.6565145254135132,1
2024-08-20,-0.0020070213358849287,0.0045094783417880535,3172.4599028006905,9271.905073350907,0,0.48891958594322205,1
2024-08-21,-0.0006556426524184644,0.004478227812796831,3170.379902775327,9313.426776528,0,0.4572911262512207,1
2024-08-22,0.004882695619016886,0.004434836562722921,3185.8599028372273,9354.73030212079,1,0.525048017501831,1
2024-08-23,-0.0006968291127122939,0.004255733918398619,3183.639902907907,9394.541545164995,0,0.6772533655166626,1
2024-08-26,-0.005119925830513239,0.0040658628568053246,3167.3399027339565,9432.738462690197,0,0.6813364028930664,1
2024-08-27,-0.005998724605888128,0.004417330026626587,3148.3399029242146,9474.405981534752,0,0.6612523794174194,1
2024-08-28,-0.0010735816322267056,0.004431386478245258,3144.959903032429,9516.390736090732,0,0.42168712615966797,1
2024-08-29,0.01621006242930889,0.0048203244805336,3195.939899398258,9562.262827322233,1,0.6399524211883545,1
2024-08-30,-0.017788194119930267,0.004703741520643234,3139.0899000721315,9607.241240014413,0,0.7083994746208191,1
2024-09-02,0.004622358828783035,0.004602688364684582,3153.5998999860735,9651.460377486545,1,0.6867030262947083,1
2024-09-03,-0.0071220193058252335,0.0043521723710000515,3131.1399006155243,9693.465196681242,0,0.37076783180236816,1
2024-09-04,0.000536545820068568,0.0042366995476186275,3132.8199006412497,9734.533496294878,1,0.40728601813316345,1
2024-09-05,-0.00926960352808237,0.004258311819285154,3103.779902237419,9775.986175337379,0,0.6544271111488342,1
2024-09-06,-0.01200793869793415,0.004317165352404118,3066.509903439472,9818.190724139127,0,0.8640094995498657,1
2024-09-09,-0.00027718808269128203,0.004480336327105761,3065.6599034387837,9862.17952070694,0,0.8967655897140503,1
2024-09-10,0.0005838873330503702,0.004521333146840334,3067.449903423842,9906.769719874002,1,0.6809650659561157,1
2024-09-11,-0.0043032485991716385,0.004578778054565191,3054.249903923904,9952.130619658994,0,0.6386561989784241,1
2024-09-12,-0.0033821724355220795,0.0045272354036569595,3043.9199040876565,9997.18625774213,0,0.6534758806228638,1
2024-09-13,0.004770164843648672,0.004414373077452183,3058.439903801018,10041.317567608583,1,0.6764692068099976,1
2024-09-18,0.006267901510000229,0.004571913275867701,3077.609903892297,10087.225600703137,1,0.6785680055618286,1
2024-09-19,0.0019300690619274974,0.00454174866899848,3083.5499035524817,10133.039244149018,1,0.4821256995201111,1
2024-09-20,0.0020787727553397417,0.0043399883434176445,3089.959903081717,10177.01651635202,1,0.6776394844055176,1
2024-09-23,0.04313971847295761,0.003868842963129282,3223.25990339339,10216.38979508696,1,0.6636893153190613,1
2024-09-24,0.015326098538935184,0.0040632737800478935,3272.6599022893956,10257.901783868085,1,0.6180896162986755,1
2024-09-25,0.040957506746053696,0.004380208905786276,3406.699892314953,10302.833536616465,1,0.874669075012207,1
2024-09-26,0.045765697956085205,0.003880636068060994,3562.609890613667,10342.815084041888,1,0.3718869984149933,1
2024-09-27,0.0838935524225235,0.0033842704724520445,3861.4898902328655,10377.817967732843,1,0.08828660100698471,0
2024-09-30,0.06040932238101959,0.003279849886894226,4094.75987788299,10411.85565282052,1,0.08783828467130661,0
2024-10-08,-0.07387001812458038,0.003914971835911274,3792.279891487969,10452.617774460887,0,0.45538291335105896,1
2024-10-09,0.013730525970458984,0.0034606039989739656,3844.349889025294,10488.790145330933,1,0.5032498836517334,1
2024-10-10,-0.030863475054502487,0.003746954957023263,3725.6998921245827,10528.091169559157,0,0.4032900035381317,1
2024-10-11,0.018664948642253876,0.0033888183534145355,3795.239889267539,10563.76895814098,1,0.12740793824195862,0
2024-10-14,-0.02532646246254444,0.002201371593400836,3699.1198886756533,10587.02373904468,0,0.16118896007537842,0
2024-10-15,-0.009932092390954494,0.0012386569287627935,3662.3798881761095,10600.137429354023,0,0.45725709199905396,1
2024-10-16,-0.013971788808703423,-9.502732427790761e-05,3611.20988984127,10599.130126657134,0,0.5804490447044373,1
2024-10-17,0.03645869344472885,-0.0009588124230504036,3742.869884179566,10588.967549018167,1,0.1862342655658722,0
2024-10-18,0.0056480723433196545,-0.0025377662386745214,3764.0098840570445,10562.095224669849,1,0.4670109748840332,1
2024-10-21,0.005201898980885744,-0.003120287787169218,3783.5898832369644,10529.138447933394,1,0.5077215433120728,1
2024-10-22,0.00422614486888051,-0.0034159976057708263,3799.5798822079546,10493.170936204424,1,0.5992500185966492,1
2024-10-23,-0.012480326928198338,-0.003023916156962514,3752.159883088194,10461.440467072667,0,0.2850477397441864,0
2024-10-24,0.008491109125316143,-0.004195688758045435,3784.0198821111294,10417.547518912008,1,0.4725716710090637,1
2024-10-25,0.0008139492128975689,-0.005357099696993828,3787.0998821157627,10361.739678255024,1,0.5069481134414673,1
2024-10-28,-0.010638747364282608,-0.005961602088063955,3746.8098832266287,10299.967109353165,0,0.548613965511322,1
2024-10-29,-0.00829238723963499,-0.007055888883769512,3715.739884761622,10227.291685923088,0,0.506540060043335,1
2024-10-30,-0.0017304762732237577,-0.007991321384906769,3709.3098850535707,10145.562111163692,0,0.44317007064819336,1
2024-10-31,0.0018979271408170462,-0.007568453438580036,3716.3498849581147,10068.775896717128,1,0.4773485064506531,1
2024-11-01,0.012703324668109417,-0.00819388311356306,3763.559884127029,9986.273523922766,1,0.3900792598724365,1
2024-11-04,0.02330506220459938,-0.009303159080445766,3851.269881337344,9893.36963270887,1,0.37026074528694153,1
2024-11-05,-0.0062265172600746155,-0.010416853241622448,3827.2898829479914,9790.311853179817,0,0.30616849660873413,0
2024-11-06,0.024819128215312958,-0.010692914016544819,3922.2798812700476,9685.624890338608,1,0.4974174499511719,1
2024-11-07,-0.008181465789675713,-0.01091812364757061,3890.1898826039032,9579.876040181902,0,0.5174524188041687,1
2024-11-08,0.006732319016009569,-0.010144744999706745,3916.3798819264457,9482.690640625457,1,0.5323495268821716,1
2024-11-11,-0.010711422190070152,-0.008666982874274254,3874.429883554434,9400.504323241115,0,0.5273654460906982,1
2024-11-12,0.007097818423062563,-0.007210263982415199,3901.9298833607913,9332.72420550271,1,0.5115814208984375,1
2024-11-13,-0.01818074658513069,-0.0065834312699735165,3830.98988495846,9271.282857134165,0,0.5132938027381897,1
2024-11-14,-0.017243584617972374,-0.006351440213620663,3764.929886706583,9212.396858363512,0,0.5140627026557922,1
2024-11-15,-0.007113013882189989,-0.006040546111762524,3738.1498881569673,9156.74895034071,0,0.5159473419189453,1
2024-11-18,0.006211628671735525,-0.006195382215082645,3761.369887181488,9100.019390745794,1,0.5160687565803528,1
2024-11-19,0.0019780027214437723,-0.005464411806315184,3768.8098870546896,9050.293137349305,1,0.5160687565803528,1
2024-11-20,-0.001040116068907082,-0.006232353392988443,3764.8898873305084,8993.888512207206,0,0.5160687565803528,1
2024-11-21,-0.029642300680279732,-0.00681278994306922,3653.289889262113,8932.615039002156,0,0.5160687565803528,1
2024-11-22,-0.006353177595883608,-0.0070374286733567715,3630.0798897863847,8869.752397798624,0,0.5160687565803528,1
2024-11-25,-0.0021349391900002956,-0.007655357010662556,3622.3298899668475,8801.851276597296,0,0.5160687565803528,1
2024-11-26,0.01548726949840784,-0.00737086171284318,3678.429889184902,8736.974048020485,1,0.513897716999054,1
2024-11-27,-0.00911802053451538,-0.006861867383122444,3644.889889920539,8677.022090773185,0,0.5160687565803528,1
2024-11-28,0.010195095092058182,-0.005795121658593416,3682.0498889483606,8626.737692122852,1,0.5143639445304871,1
2024-11-29,0.008120476268231869,-0.005464907269924879,3711.9498876900116,8579.593370593435,1,0.5146437883377075,1
2024-12-02,-0.00028556419420056045,-0.004211699590086937,3710.88988771142,8543.458700711393,0,0.5160687565803528,1
2024-12-03,-0.004473320208489895,-0.005001963581889868,3694.28988898524,8500.724631427054,0,0.5160687565803528,1
2024-12-04,-0.004092802759259939,-0.005706393625587225,3679.169889134095,8452.216150577407,0,0.5160687565803528,1
2024-12-05,0.014693531207740307,-0.005944525357335806,3733.229886718665,8401.971737344616,1,0.5160687565803528,1
2024-12-06,-0.0009321686811745167,-0.0066361683420836926,3729.749886738641,8346.214838490168,0,0.4970647692680359,1
2024-12-09,0.007381191942840815,-0.006578968837857246,3757.2798865514483,8291.30535115368,1,0.49906864762306213,1
2024-12-10,-0.0014638248831033707,-0.007275771349668503,3751.7798867607303,8230.979709228402,0,0.5038667917251587,1
2024-12-11,0.009438186883926392,-0.006642073392868042,3787.1898864793343,8176.3089379044995,1,0.49419039487838745,1
2024-12-12,-0.02449837513267994,-0.006916950922459364,3694.409887941672,8119.753810254149,0,0.4787065386772156,1
2024-12-13,-0.0038111633621156216,-0.006234954111278057,3680.3298883321113,8069.127517852339,0,0.4790211021900177,1
2024-12-16,0.0047658770345151424,-0.006462118588387966,3697.8698880263532,8016.983858927154,1,0.4935641288757324,1
2024-12-17,0.006254952400922775,-0.0061667487025260925,3720.999888160764,7967.545134116942,1,0.5024019479751587,1
2024-12-18,0.0023192691151052713,-0.006020871456712484,3729.6298882786855,7919.57356903887,1,0.5076647996902466,1
2024-12-19,-0.006113206967711449,-0.005820472724735737,3706.829888858675,7873.477907088741,0,0.5112839937210083,1
2024-12-20,0.0031833129469305277,-0.005766815040260553,3718.629888435948,7828.073016274982,1,0.5049841403961182,1
2024-12-23,0.012660576961934566,-0.005813065450638533,3765.709888331441,7782.567915478998,1,0.5098549723625183,1
2024-12-24,0.0008869509329088032,-0.006460886914283037,3769.0498882299607,7732.285624274361,1,0.48672252893447876,1
2024-12-25,0.00033164856722578406,-0.006677413824945688,3770.2998882251945,7680.653953348402,1,0.5103567242622375,1
2024-12-26,-0.002344640903174877,-0.0074852146208286285,3761.4598888900264,7623.162610079274,0,0.508421778678894,1
2024-12-27,0.0047906930558383465,-0.007988031953573227,3779.4798886595463,7562.268543562675,1,0.5134239196777344,1
2024-12-30,-0.01442261878401041,-0.008897935040295124,3724.9698910235757,7494.979969304787,0,0.5084965229034424,1
2024-12-31,-0.026985451579093933,-0.0095522440969944,3624.4498963957762,7423.386091135904,0,0.5160687565803528,1
2025-01-02,-0.00965939648449421,-0.008868111297488213,3589.439897808305,7357.5546770754845,0,0.5137612223625183,1
2025-01-03,-0.0016576402122154832,-0.007605359889566898,3583.4898978943675,7301.59782584916,0,0.512001097202301,1
2025-01-06,0.006156010087579489,-0.007212933152914047,3605.5498978545443,7248.931888821848,1,0.5159509181976318,1
